"store_type","total_sales","pct_total_sales","orders_ct"
"Local",4201732.459999657,65.01415999383934,"78429"
"Super Store",1045395.5800000028,16.175593315852907,"19286"
"Mall Kiosk",706188.7100000038,10.926984574783472,"13151"
"Outlet",508411.37000000454,7.866740318794605,"9214"
"Web Portal",1067.77,0.016521796729682188,"43"
